{
  "platform": "colab",
  "run_name": "colab_20260317_131505",
  "device": "cuda",
  "seed": 42,
  "experiments": [
    {
      "exp_id": "0A_fp32_noprop",
      "step": 800,
      "train_loss": 0.9427061676979065,
      "val_loss": 9.865122966766357,
      "val_ppl": 19247.24026856086,
      "grad_norm": 0.10094415705667413,
      "dead_rate": 6.357828776041666e-07,
      "max_mem_gb": 2.5702695846557617,
      "elapsed_sec": 155.9,
      "checkpoint": "/content/drive/MyDrive/drex_parallel_results/colab_20260317_131505/checkpoints/0A_fp32_noprop_step_0000800.pt",
      "gate_ppl_pass": true,
      "gate_dead_pass": true
    },
    {
      "exp_id": "1A_noprop_ste",
      "step": 800,
      "train_loss": 0.7651438464721044,
      "val_loss": 8.901011390686035,
      "val_ppl": 7339.392780146934,
      "grad_norm": 0.03553124226225614,
      "dead_rate": 9.5367431640625e-07,
      "max_mem_gb": 2.5702695846557617,
      "elapsed_sec": 171.8,
      "checkpoint": "/content/drive/MyDrive/drex_parallel_results/colab_20260317_131505/checkpoints/1A_noprop_ste_step_0000800.pt",
      "gate_ppl_pass": true,
      "gate_dead_pass": true
    }
  ]
}