{
  "platform": "lightning",
  "run_name": "lightning_20260317_131749",
  "device": "cuda",
  "seed": 42,
  "experiments": [
    {
      "exp_id": "1D_noprop_hestia",
      "step": 1200,
      "train_loss": 0.7703643590211868,
      "val_loss": 8.949893131256104,
      "val_ppl": 7707.068172401308,
      "grad_norm": 0.044855780507261106,
      "dead_rate": 9.5367431640625e-07,
      "max_mem_gb": 2.5702695846557617,
      "tau": 0.3933,
      "elapsed_sec": 203.7,
      "checkpoint": "/teamspace/studios/this_studio/drex_parallel_results/lightning_20260317_131749/checkpoints/1D_noprop_hestia_step_0001200.pt",
      "gate_ppl_pass": true,
      "gate_dead_pass": true
    }
  ]
}