{
  "experiment_id": "exp_46_5",
  "hypothesis": "The gate accuracy advantage (acc(EMA+gate) \u2212 acc(EMA-alone)) is positive and increases monotonically with interference density \u03c1 = N_pairs/H across \u03c1 \u2208 {0.08, 0.12, 0.19, 0.31, 0.50, 0.75}.",
  "outcome": "REFUTED",
  "metrics": {
    "calib_thresh_used": 0.7,
    "rho_H64_N5": 0.078,
    "acc_ema_H64_N5": 0.2016,
    "acc_gate_H64_N5": 0.2141,
    "wr_gate_H64_N5": 0.6049,
    "advantage_H64_N5": 0.0125,
    "rho_H64_N8": 0.125,
    "acc_ema_H64_N8": 0.1271,
    "acc_gate_H64_N8": 0.1391,
    "wr_gate_H64_N8": 0.7965,
    "advantage_H64_N8": 0.012,
    "rho_H64_N12": 0.188,
    "acc_ema_H64_N12": 0.0979,
    "acc_gate_H64_N12": 0.0865,
    "wr_gate_H64_N12": 0.9967,
    "advantage_H64_N12": -0.0115,
    "rho_H32_N10": 0.313,
    "acc_ema_H32_N10": 0.0359,
    "acc_gate_H32_N10": 0.0417,
    "wr_gate_H32_N10": 0.8396,
    "advantage_H32_N10": 0.0057,
    "rho_H32_N16": 0.5,
    "acc_ema_H32_N16": 0.0234,
    "acc_gate_H32_N16": 0.0208,
    "wr_gate_H32_N16": 0.9513,
    "advantage_H32_N16": -0.0026,
    "rho_H32_N24": 0.75,
    "acc_ema_H32_N24": 0.0182,
    "acc_gate_H32_N24": 0.0219,
    "wr_gate_H32_N24": 0.9977,
    "advantage_H32_N24": 0.0036,
    "advantages": [
      0.0125,
      0.012,
      -0.0115,
      0.0057,
      -0.0026,
      0.0036
    ],
    "rhos": [
      0.078,
      0.125,
      0.188,
      0.313,
      0.5,
      0.75
    ],
    "n_monotonic_pairs": 4,
    "total_rho_pairs": 5,
    "all_positive": false,
    "monotone_trend": false
  },
  "notes": "Gate advantage is neither universally positive nor monotone with \u03c1. advantages=[0.012499999999999983, 0.01197916666666668, -0.011458333333333334, 0.005729166666666667, -0.002604166666666668, 0.003645833333333331]. Write selectivity does not scale with capacity pressure at thresh*.",
  "error": "",
  "timestamp": "2026-03-11T16:03:22.355818+00:00",
  "duration_seconds": 380.3509880220008,
  "config": {},
  "seed": 777
}