{
  "experiment_id": "exp_46_5",
  "hypothesis": "The gate accuracy advantage (acc(EMA+gate) \u2212 acc(EMA-alone)) is positive and increases monotonically with interference density \u03c1 = N_pairs/H across \u03c1 \u2208 {0.08, 0.12, 0.19, 0.31, 0.50, 0.75}.",
  "outcome": "REFUTED",
  "metrics": {
    "calib_thresh_used": 0.7,
    "rho_H64_N5": 0.078,
    "acc_ema_H64_N5": 0.2068,
    "acc_gate_H64_N5": 0.2135,
    "wr_gate_H64_N5": 0.6063,
    "advantage_H64_N5": 0.0068,
    "rho_H64_N8": 0.125,
    "acc_ema_H64_N8": 0.1313,
    "acc_gate_H64_N8": 0.125,
    "wr_gate_H64_N8": 0.7924,
    "advantage_H64_N8": -0.0063,
    "rho_H64_N12": 0.188,
    "acc_ema_H64_N12": 0.0964,
    "acc_gate_H64_N12": 0.0984,
    "wr_gate_H64_N12": 1.0,
    "advantage_H64_N12": 0.0021,
    "rho_H32_N10": 0.313,
    "acc_ema_H32_N10": 0.025,
    "acc_gate_H32_N10": 0.0266,
    "wr_gate_H32_N10": 0.7941,
    "advantage_H32_N10": 0.0016,
    "rho_H32_N16": 0.5,
    "acc_ema_H32_N16": 0.0203,
    "acc_gate_H32_N16": 0.0229,
    "wr_gate_H32_N16": 0.9635,
    "advantage_H32_N16": 0.0026,
    "rho_H32_N24": 0.75,
    "acc_ema_H32_N24": 0.013,
    "acc_gate_H32_N24": 0.0182,
    "wr_gate_H32_N24": 0.9545,
    "advantage_H32_N24": 0.0052,
    "advantages": [
      0.0068,
      -0.0063,
      0.0021,
      0.0016,
      0.0026,
      0.0052
    ],
    "rhos": [
      0.078,
      0.125,
      0.188,
      0.313,
      0.5,
      0.75
    ],
    "n_monotonic_pairs": 4,
    "total_rho_pairs": 5,
    "all_positive": false,
    "monotone_trend": false
  },
  "notes": "Gate advantage is neither universally positive nor monotone with \u03c1. advantages=[0.006770833333333337, -0.0062500000000000056, 0.002083333333333326, 0.001562499999999998, 0.0026041666666666644, 0.005208333333333334]. Write selectivity does not scale with capacity pressure at thresh*.",
  "error": "",
  "timestamp": "2026-03-11T15:57:02.003056+00:00",
  "duration_seconds": 358.39528225699905,
  "config": {},
  "seed": 123
}