{
  "experiment_id": "exp_37_1",
  "hypothesis": "Training DeltaModel with \u03c3_train=0.05 noise on M keeps acc_ratio(\u03c3=0.10) \u2265 0.50 (vs 0.08 ratio found in exp_35_1 with no augmentation).",
  "outcome": "INCONCLUSIVE",
  "metrics": {
    "baseline_std": 0.2281,
    "baseline_aug": 0.2144,
    "ratio_std_at10": 0.918,
    "ratio_aug_at10": 0.9534,
    "aug_improvement": 0.0353,
    "std_s000": 0.2281,
    "std_s003": 0.2281,
    "std_s005": 0.2331,
    "std_s010": 0.2094,
    "std_s020": 0.22,
    "aug_s000": 0.2144,
    "aug_s003": 0.2156,
    "aug_s005": 0.24,
    "aug_s010": 0.2044,
    "aug_s020": 0.21
  },
  "notes": "Partial improvement: ratio_aug=0.953, ratio_std=0.918. aug_improvement=0.035.",
  "error": "",
  "timestamp": "2026-03-09T18:29:06.818325+00:00",
  "duration_seconds": 51.34540041605942,
  "config": {
    "vocab": 64,
    "hidden": 64,
    "steps": 600,
    "sigma_train": 0.05,
    "eval_sigmas": [
      0.0,
      0.03,
      0.05,
      0.1,
      0.2
    ]
  },
  "seed": 777
}