{
  "experiment_id": "exp_46_5",
  "hypothesis": "The gate accuracy advantage (acc(EMA+gate) \u2212 acc(EMA-alone)) is positive and increases monotonically with interference density \u03c1 = N_pairs/H across \u03c1 \u2208 {0.08, 0.12, 0.19, 0.31, 0.50, 0.75}.",
  "outcome": "INCONCLUSIVE",
  "metrics": {
    "calib_thresh_used": 0.7,
    "rho_H64_N5": 0.078,
    "acc_ema_H64_N5": 0.1906,
    "acc_gate_H64_N5": 0.1979,
    "wr_gate_H64_N5": 0.5954,
    "advantage_H64_N5": 0.0073,
    "rho_H64_N8": 0.125,
    "acc_ema_H64_N8": 0.1234,
    "acc_gate_H64_N8": 0.1479,
    "wr_gate_H64_N8": 0.7959,
    "advantage_H64_N8": 0.0245,
    "rho_H64_N12": 0.188,
    "acc_ema_H64_N12": 0.0849,
    "acc_gate_H64_N12": 0.0927,
    "wr_gate_H64_N12": 0.999,
    "advantage_H64_N12": 0.0078,
    "rho_H32_N10": 0.313,
    "acc_ema_H32_N10": 0.0411,
    "acc_gate_H32_N10": 0.0552,
    "wr_gate_H32_N10": 0.7828,
    "advantage_H32_N10": 0.0141,
    "rho_H32_N16": 0.5,
    "acc_ema_H32_N16": 0.0208,
    "acc_gate_H32_N16": 0.0255,
    "wr_gate_H32_N16": 0.9553,
    "advantage_H32_N16": 0.0047,
    "rho_H32_N24": 0.75,
    "acc_ema_H32_N24": 0.0167,
    "acc_gate_H32_N24": 0.0234,
    "wr_gate_H32_N24": 0.9452,
    "advantage_H32_N24": 0.0068,
    "advantages": [
      0.0073,
      0.0245,
      0.0078,
      0.0141,
      0.0047,
      0.0068
    ],
    "rhos": [
      0.078,
      0.125,
      0.188,
      0.313,
      0.5,
      0.75
    ],
    "n_monotonic_pairs": 4,
    "total_rho_pairs": 5,
    "all_positive": true,
    "monotone_trend": false
  },
  "notes": "Gate advantage is positive at all \u03c1 but NOT monotone (4/5 pairs). advantages=[0.0072916666666666685, 0.024479166666666663, 0.0078125, 0.014062499999999999, 0.004687500000000001, 0.0067708333333333336].",
  "error": "",
  "timestamp": "2026-03-11T15:51:03.605610+00:00",
  "duration_seconds": 353.0840866699982,
  "config": {},
  "seed": 42
}