{
  "experiment_id": "exp_41_7",
  "hypothesis": "The optimal EMA alpha differs between episodic and semantic matrices: the best (alpha_sem, alpha_epi) pair outperforms any shared alpha by >3%, with alpha_epi > alpha_sem (episodic needs more smoothing due to recency weighting).",
  "outcome": "INCONCLUSIVE",
  "metrics": {
    "acc_as070_ae070": 0.2031,
    "acc_as070_ae085": 0.18,
    "acc_as070_ae095": 0.1394,
    "acc_as070_ae100": 0.195,
    "acc_as085_ae070": 0.0344,
    "acc_as085_ae085": 0.0456,
    "acc_as085_ae095": 0.0563,
    "acc_as085_ae100": 0.1363,
    "acc_as095_ae070": 0.0431,
    "acc_as095_ae085": 0.0375,
    "acc_as095_ae095": 0.0362,
    "acc_as095_ae100": 0.0988,
    "acc_as100_ae070": 0.2075,
    "acc_as100_ae085": 0.1963,
    "acc_as100_ae095": 0.195,
    "acc_as100_ae100": 0.2075,
    "best_alpha_sem": 1.0,
    "best_alpha_epi": 0.7,
    "gap_diff_over_shared": 0.1756,
    "acc_shared_095": 0.0319
  },
  "notes": "best_combo=(1.0, 0.7), best_acc=0.2075, acc_shared_095=0.0319, gap=0.1756",
  "error": "",
  "timestamp": "2026-03-10T03:52:56.819986+00:00",
  "duration_seconds": 1765.552869749954,
  "config": {
    "vocab_size": 64,
    "hidden_dim": 64,
    "half": 32,
    "steps": 600,
    "alpha_grid": [
      0.7,
      0.85,
      0.95,
      1.0
    ]
  },
  "seed": 42
}