{
  "experiment_id": "exp_39_2",
  "hypothesis": "EnergyGatedDelta write rate at equilibrium increases with \u03c1: wr(\u03c1=0.75) > wr(\u03c1=0.08) by >0.15, showing task-load dependence.",
  "outcome": "INCONCLUSIVE",
  "metrics": {
    "wr_n02": 0.7023,
    "acc_n02": 0.5339,
    "wr_n05": 0.8149,
    "acc_n05": 0.1896,
    "wr_n10": 0.8724,
    "acc_n10": 0.126,
    "wr_n20": 0.8829,
    "acc_n20": 0.0755,
    "wr_n32": 0.8428,
    "acc_n32": 0.063,
    "wr_n48": 0.7812,
    "acc_n48": 0.0536,
    "wr_low_rho": 0.7023,
    "wr_high_rho": 0.7812,
    "wr_ref_rho": 0.8149,
    "delta_wr_high_minus_low": 0.0789,
    "rhos": [
      0.031,
      0.078,
      0.156,
      0.312,
      0.5,
      0.75
    ]
  },
  "notes": "Moderate variation: low=0.702, high=0.781, \u0394=0.079. Non-monotone or boundary effects.",
  "error": "",
  "timestamp": "2026-03-09T19:08:12.313883+00:00",
  "duration_seconds": 503.0203370420495,
  "config": {
    "vocab": 64,
    "hidden": 64,
    "steps": 1000,
    "n_pairs_list": [
      2,
      5,
      10,
      20,
      32,
      48
    ],
    "energy_thresh": 0.4
  },
  "seed": 777
}