{
  "experiment_id": "exp_41_7",
  "hypothesis": "The optimal EMA alpha differs between episodic and semantic matrices: the best (alpha_sem, alpha_epi) pair outperforms any shared alpha by >3%, with alpha_epi > alpha_sem (episodic needs more smoothing due to recency weighting).",
  "outcome": "INCONCLUSIVE",
  "metrics": {
    "acc_as070_ae070": 0.1356,
    "acc_as070_ae085": 0.1381,
    "acc_as070_ae095": 0.1288,
    "acc_as070_ae100": 0.1369,
    "acc_as085_ae070": 0.0881,
    "acc_as085_ae085": 0.0769,
    "acc_as085_ae095": 0.0312,
    "acc_as085_ae100": 0.135,
    "acc_as095_ae070": 0.0425,
    "acc_as095_ae085": 0.0325,
    "acc_as095_ae095": 0.0256,
    "acc_as095_ae100": 0.0612,
    "acc_as100_ae070": 0.2031,
    "acc_as100_ae085": 0.2025,
    "acc_as100_ae095": 0.2175,
    "acc_as100_ae100": 0.2013,
    "best_alpha_sem": 1.0,
    "best_alpha_epi": 0.95,
    "gap_diff_over_shared": 0.1844,
    "acc_shared_095": 0.0331
  },
  "notes": "best_combo=(1.0, 0.95), best_acc=0.2175, acc_shared_095=0.0331, gap=0.1844",
  "error": "",
  "timestamp": "2026-03-10T04:26:35.699046+00:00",
  "duration_seconds": 1211.0879987500375,
  "config": {
    "vocab_size": 64,
    "hidden_dim": 64,
    "half": 32,
    "steps": 600,
    "alpha_grid": [
      0.7,
      0.85,
      0.95,
      1.0
    ]
  },
  "seed": 777
}