{
  "experiment_id": "exp_41_7",
  "hypothesis": "The optimal EMA alpha differs between episodic and semantic matrices: the best (alpha_sem, alpha_epi) pair outperforms any shared alpha by >3%, with alpha_epi > alpha_sem (episodic needs more smoothing due to recency weighting).",
  "outcome": "INCONCLUSIVE",
  "metrics": {
    "acc_as070_ae070": 0.1688,
    "acc_as070_ae085": 0.1325,
    "acc_as070_ae095": 0.1675,
    "acc_as070_ae100": 0.1725,
    "acc_as085_ae070": 0.045,
    "acc_as085_ae085": 0.0581,
    "acc_as085_ae095": 0.0825,
    "acc_as085_ae100": 0.1106,
    "acc_as095_ae070": 0.0338,
    "acc_as095_ae085": 0.0238,
    "acc_as095_ae095": 0.0275,
    "acc_as095_ae100": 0.0619,
    "acc_as100_ae070": 0.2019,
    "acc_as100_ae085": 0.2269,
    "acc_as100_ae095": 0.2006,
    "acc_as100_ae100": 0.2319,
    "best_alpha_sem": 1.0,
    "best_alpha_epi": 1.0,
    "gap_diff_over_shared": 0.195,
    "acc_shared_095": 0.0369
  },
  "notes": "best_combo=(1.0, 1.0), best_acc=0.2319, acc_shared_095=0.0369, gap=0.195",
  "error": "",
  "timestamp": "2026-03-10T04:19:19.161369+00:00",
  "duration_seconds": 1412.0406969999894,
  "config": {
    "vocab_size": 64,
    "hidden_dim": 64,
    "half": 32,
    "steps": 600,
    "alpha_grid": [
      0.7,
      0.85,
      0.95,
      1.0
    ]
  },
  "seed": 123
}