{
  "experiment_id": "exp_39_2",
  "hypothesis": "EnergyGatedDelta write rate at equilibrium increases with \u03c1: wr(\u03c1=0.75) > wr(\u03c1=0.08) by >0.15, showing task-load dependence.",
  "outcome": "INCONCLUSIVE",
  "metrics": {
    "wr_n02": 0.6961,
    "acc_n02": 0.5328,
    "wr_n05": 0.8284,
    "acc_n05": 0.226,
    "wr_n10": 0.8687,
    "acc_n10": 0.113,
    "wr_n20": 0.8864,
    "acc_n20": 0.074,
    "wr_n32": 0.8318,
    "acc_n32": 0.0646,
    "wr_n48": 0.7793,
    "acc_n48": 0.037,
    "wr_low_rho": 0.6961,
    "wr_high_rho": 0.7793,
    "wr_ref_rho": 0.8284,
    "delta_wr_high_minus_low": 0.0832,
    "rhos": [
      0.031,
      0.078,
      0.156,
      0.312,
      0.5,
      0.75
    ]
  },
  "notes": "Moderate variation: low=0.696, high=0.779, \u0394=0.083. Non-monotone or boundary effects.",
  "error": "",
  "timestamp": "2026-03-09T18:59:49.256838+00:00",
  "duration_seconds": 644.6303588330047,
  "config": {
    "vocab": 64,
    "hidden": 64,
    "steps": 1000,
    "n_pairs_list": [
      2,
      5,
      10,
      20,
      32,
      48
    ],
    "energy_thresh": 0.4
  },
  "seed": 123
}