{
  "experiment_id": "exp_37_2",
  "hypothesis": "Row-normalizing M after each write bounds M magnitude; acc_ratio at \u03c3=0.10 \u2265 0.50 (vs 0.08 for standard delta).",
  "outcome": "INCONCLUSIVE",
  "metrics": {
    "std_s000": 0.2263,
    "norm_s000": 0.2281,
    "std_s003": 0.2137,
    "norm_s003": 0.2019,
    "std_s005": 0.2238,
    "norm_s005": 0.2238,
    "std_s010": 0.1944,
    "norm_s010": 0.2144,
    "std_s020": 0.2094,
    "norm_s020": 0.2181,
    "baseline_std": 0.2263,
    "baseline_norm": 0.2281,
    "ratio_std_at10": 0.859,
    "ratio_norm_at10": 0.9399,
    "improvement": 0.0809
  },
  "notes": "Partial: ratio_norm=0.940, ratio_std=0.859, improvement=0.081.",
  "error": "",
  "timestamp": "2026-03-09T18:30:09.410333+00:00",
  "duration_seconds": 59.57923958299216,
  "config": {
    "vocab": 64,
    "hidden": 64,
    "steps": 600,
    "eval_sigmas": [
      0.0,
      0.03,
      0.05,
      0.1,
      0.2
    ]
  },
  "seed": 42
}